City_ID,City,Lat,Lng,Max Temp,Humidity,Cloudiness,Wind Speed,Country,Date
0,jamestown,42.097,-79.2353,275.92,93,100,3.09,US,1704765817
1,bethel,41.3712,-73.414,272.96,81,0,1.54,US,1704765798
2,bilibino,68.0546,166.4372,242.4,96,100,1.47,RU,1704766077
3,whitehorse,60.7161,-135.0538,255.38,99,50,0.63,CA,1704766078
4,ushuaia,-54.8,-68.3,278.96,70,40,10.29,AR,1704766079
5,west island,-12.1568,96.8225,302.14,79,7,7.2,CC,1704766080
6,iqaluit,63.7506,-68.5145,249.09,63,65,8.05,CA,1704766081
7,adamstown,-25.066,-130.1015,297.31,85,100,5.28,PN,1704766082
8,nar'yan-mar,67.6713,53.087,248.77,100,95,2.24,RU,1704766083
9,pullman,46.7313,-117.1796,273.62,91,100,6.69,US,1704766085
10,waitangi,-43.9535,-176.5597,290.83,90,100,8.97,NZ,1704766086
11,new plymouth,-39.0667,174.0833,293.88,83,15,3.55,NZ,1704766087
12,tiksi,71.6872,128.8694,239.25,96,100,5.18,RU,1704766089
13,vilyuchinsk,52.9306,158.4028,256.3,76,55,2.1,RU,1704765645
14,flying fish cove,-10.4217,105.6791,298.97,94,75,1.54,CX,1704766093
15,constantia,44.1833,28.65,267.53,79,100,9.94,RO,1704766094
16,kapa'a,22.0752,-159.319,297.33,81,75,7.72,US,1704766095
17,port-aux-francais,-49.35,70.2167,278.04,75,82,9.2,TF,1704766098
18,grand baie,-20.0182,57.5802,298.4,89,86,3.86,MU,1704766099
19,tangalle,6.024,80.7911,296.35,97,100,0.97,LK,1704766101
20,yellowknife,62.456,-114.3525,240.05,91,91,2.68,CA,1704766102
21,rosarito,32.3333,-117.0333,286.0,31,0,3.54,MX,1704766104
22,grytviken,-54.2811,-36.5092,277.22,88,73,1.18,GS,1704766105
23,papatowai,-46.5619,169.4708,286.82,83,100,3.11,NZ,1704766106
24,kerema,-7.9631,145.7785,303.27,69,99,2.94,PG,1704766106
25,pruzhany,52.5567,24.4644,261.02,85,5,2.48,BY,1704766108
26,lebu,-37.6167,-73.65,286.7,72,0,8.11,CL,1704766109
27,lompoc,34.6391,-120.4579,285.25,71,0,4.12,US,1704766111
28,dunedin,-45.8742,170.5036,285.82,91,100,1.79,NZ,1704766112
29,river falls,44.8614,-92.6238,272.88,77,100,4.68,US,1704766113
30,hadibu,12.65,54.0333,296.69,74,78,8.5,YE,1704766115
31,inarajan village,13.2736,144.7484,303.23,79,43,8.82,GU,1704766116
32,hermanus,-34.4187,19.2345,290.13,88,6,4.48,ZA,1704766117
33,blackmans bay,-43.0167,147.3167,294.55,55,0,0.89,AU,1704766118
34,wailua homesteads,22.0669,-159.378,296.59,81,75,7.72,US,1704766119
35,college,64.8569,-147.8028,262.3,82,75,2.06,US,1704766120
36,dudinka,69.4058,86.1778,254.64,80,100,3.58,RU,1704766122
37,jiwani,25.05,61.7417,293.06,34,0,2.28,PK,1704766123
38,beyneu,45.3167,55.2,274.36,82,100,7.02,KZ,1704766124
39,deqen,29.9618,90.7188,269.07,14,0,0.71,CN,1704766125
40,whakatane,-37.9585,176.9854,300.31,76,59,2.68,NZ,1704766126
41,bredasdorp,-34.5322,20.0403,289.98,93,22,2.62,ZA,1704766127
42,ilulissat,69.2167,-51.1,266.16,63,100,12.35,GL,1704766127
43,fort st. john,56.2499,-120.8529,253.09,84,100,4.12,CA,1704765932
44,carnarvon,-24.8667,113.6333,299.09,61,0,7.79,AU,1704766129
45,mariental,-24.6333,17.9667,298.74,24,18,6.07,NA,1704766131
46,la sarre,48.8002,-79.1996,255.93,97,22,1.16,CA,1704766132
47,edinburgh of the seven seas,-37.0676,-12.3116,291.42,97,100,12.01,SH,1704766133
48,dakoro,14.5106,6.765,291.5,16,0,4.53,NE,1704766134
49,poronaysk,49.2167,143.1167,254.68,84,11,1.57,RU,1704766135
50,puerto ayora,-0.7393,-90.3518,298.46,96,100,1.79,EC,1704766136
51,puerto natales,-51.7236,-72.4875,277.81,92,100,4.36,CL,1704766137
52,huanuni,-18.2667,-66.85,282.89,38,51,4.82,BO,1704766139
53,cabo san lucas,22.8909,-109.9124,294.13,59,75,2.06,MX,1704765931
54,sal rei,16.1833,-22.9167,296.29,73,100,5.33,CV,1704766141
55,kokopo,-4.352,152.2633,302.93,68,96,2.74,PG,1704766143
56,margaret river,-33.95,115.0667,295.16,55,4,6.54,AU,1704766144
57,longyearbyen,78.2186,15.6401,260.06,85,75,7.2,SJ,1704766145
58,murzuq,25.9155,13.9184,283.98,30,0,4.27,LY,1704766146
59,kabalo,-6.05,26.9167,293.17,97,100,0.43,CD,1704766147
60,port mathurin,-19.6833,63.4167,300.77,65,1,1.65,MU,1704766148
61,pisco,-13.7,-76.2167,295.38,83,0,7.72,PE,1704766149
62,remire-montjoly,4.9167,-52.2667,299.17,94,75,2.06,GF,1704766150
63,kirakira,-10.4544,161.9205,302.44,78,100,0.95,SB,1704766152
64,talnakh,69.4865,88.3972,252.36,83,100,2.29,RU,1704766153
65,albany,42.6001,-73.9662,274.0,89,84,2.62,US,1704766154
66,celestun,20.8667,-90.4,300.28,58,87,7.42,MX,1704766154
67,stanley,54.868,-1.6985,275.25,74,75,3.6,GB,1704766155
68,bhopal,23.2667,77.4,289.28,100,24,4.12,IN,1704766157
69,konarka,19.9,86.1167,290.37,73,0,3.52,IN,1704766158
70,yanam,16.7333,82.2167,296.51,77,15,3.64,IN,1704766160
71,kapuskasing,49.4169,-82.4331,257.0,95,40,1.21,CA,1704766161
72,nuuk,64.1835,-51.7216,271.49,74,100,1.54,GL,1704765960
73,georgetown,5.4112,100.3354,302.01,89,20,2.06,MY,1704766163
74,illizi,26.4833,8.4667,282.48,28,0,0.86,DZ,1704766164
75,hamilton,39.1834,-84.5333,276.91,75,40,5.66,US,1704766165
76,punta arenas,-53.15,-70.9167,279.21,65,40,9.26,CL,1704766166
77,sirte,31.2089,16.5887,286.45,51,0,9.83,LY,1704766167
78,atafu village,-8.5421,-172.5159,302.45,71,3,4.51,TK,1704766168
79,invercargill,-46.4,168.35,290.38,82,100,4.47,NZ,1704766169
80,kone,-21.0595,164.8658,302.2,65,97,3.44,NC,1704766170
81,fale old settlement,-9.3852,-171.2468,302.39,72,2,3.91,TK,1704766171
82,benguela,-12.5763,13.4055,297.95,81,99,0.91,AO,1704766172
83,sierra grande,-41.606,-65.3557,291.94,32,3,4.01,AR,1704766173
84,freetown,8.484,-13.2299,298.69,82,29,1.47,SL,1704766174
85,afaahiti,-17.75,-149.2833,303.08,85,47,6.58,PF,1704766174
86,qaqortoq,60.7167,-46.0333,271.45,76,70,4.24,GL,1704766176
87,harstad,68.799,16.5293,277.94,98,100,20.12,NO,1704766177
88,yashkul',46.1711,45.3435,272.74,90,100,5.27,RU,1704766178
89,berezovyy,51.6667,135.7,250.48,72,100,0.43,RU,1704766179
90,zonguldak,41.25,31.8333,277.56,97,100,1.81,TR,1704766180
91,runing,33.0011,114.3542,282.74,61,100,5.11,CN,1704766181
92,buka,40.8108,69.1986,279.71,72,99,1.19,UZ,1704766182
93,kingston,17.997,-76.7936,300.68,78,20,8.23,JM,1704765985
94,gorgoram,12.6398,10.7039,291.87,14,5,3.58,NG,1704766184
95,anadyr,64.75,177.4833,254.43,84,75,12.0,RU,1704766185
96,tazovsky,67.4667,78.7,253.0,98,100,3.95,RU,1704766186
97,horasan,40.0458,42.1728,272.83,85,100,1.11,TR,1704766187
98,cabedelo,-6.9811,-34.8339,300.52,78,58,4.95,BR,1704766188
99,nova sintra,14.8667,-24.7167,294.52,69,100,4.63,CV,1704766189
100,kavaratti,10.5669,72.642,300.78,74,100,2.6,IN,1704766190
101,port lincoln,-34.7333,135.8667,294.0,60,3,2.95,AU,1704766191
102,hawaiian paradise park,19.5933,-154.9731,300.88,77,40,8.23,US,1704766192
103,port elizabeth,-33.918,25.5701,292.21,93,92,1.34,ZA,1704766194
104,klyuchi,52.2667,79.1667,260.06,81,61,8.18,RU,1704766195
105,khorinsk,52.1657,109.7726,249.0,100,93,0.29,RU,1704766196
106,enewetak,11.3474,162.3373,300.35,74,99,8.64,MH,1704766197
107,gadzhiyevo,69.2551,33.3362,264.43,90,100,2.88,RU,1704766198
108,hilo,19.7297,-155.09,301.0,70,40,8.23,US,1704766199
109,kranjska gora,46.4839,13.7894,271.71,89,66,1.98,SI,1704766200
110,vernon,50.2581,-119.2691,272.38,82,100,1.54,CA,1704765948
111,lihue,21.9789,-159.3672,296.92,81,75,7.72,US,1704765918
112,beloyarskiy,63.7119,66.6722,242.59,100,78,1.79,RU,1704766204
113,axim,4.8699,-2.2405,299.99,85,18,2.99,GH,1704766205
114,st. john's,47.5649,-52.7093,272.02,89,100,9.77,CA,1704766008
115,sao paulo de olivenca,-3.3783,-68.8725,298.72,87,85,0.91,BR,1704766207
116,tazacorte,28.629,-17.9293,293.79,64,0,3.6,ES,1704766208
117,mahina,-17.5065,-149.489,304.02,70,40,3.09,PF,1704766209
118,popondetta,-8.7537,148.2534,306.95,51,26,2.78,PG,1704766210
119,bayanaul,50.7889,75.6956,258.04,75,1,8.86,KZ,1704766211
120,rotenburg,53.1167,9.4,268.03,86,5,3.25,DE,1704766212
121,al ghayzah,16.2079,52.176,293.04,49,12,3.0,YE,1704766213
122,utrik,11.2278,169.8474,299.99,73,100,8.73,MH,1704766214
123,craig,40.5153,-107.5464,264.94,79,100,2.06,US,1704766215
124,san andres,12.5847,-81.7006,301.16,83,40,5.14,CO,1704766216
125,de aar,-30.6497,24.0123,291.0,75,0,3.91,ZA,1704766217
126,port hedland,-20.3167,118.5667,310.18,26,1,3.6,AU,1704766218
127,olonkinbyen,70.9221,-8.7187,272.14,96,100,5.05,SJ,1704766219
128,vilyuysk,63.7553,121.6247,229.82,100,100,0.89,RU,1704766220
129,mushie,-3.0167,16.9,295.44,90,100,0.94,CD,1704766222
130,shubarkuduk,49.1447,56.4872,262.63,72,100,5.7,KZ,1704766223
131,fort mcmurray,56.7268,-111.381,251.88,77,100,2.06,CA,1704766225
132,el limon,10.3059,-67.6321,294.98,85,61,1.81,VE,1704766226
133,velizh,55.6056,31.1967,263.17,95,99,3.05,RU,1704766228
134,muromtsevo,56.3724,75.2418,255.91,93,100,6.49,RU,1704766230
135,korla,41.7597,86.1469,266.97,69,24,1.75,CN,1704766231
136,puerto armuelles,8.2833,-82.8667,302.14,68,69,0.45,PA,1704766232
137,lethbridge,49.7,-112.8186,267.95,53,100,4.71,CA,1704766234
138,macau,22.2006,113.5461,294.1,78,20,1.03,MO,1704766236
139,zouerate,22.7187,-12.4521,291.0,32,97,3.4,MR,1704766237
140,ouro preto do oeste,-10.7481,-62.2158,298.7,75,100,1.46,BR,1704766094
141,hirara,24.8,125.2833,292.3,100,75,5.66,JP,1704766240
142,gobabis,-22.45,18.9667,292.21,76,100,7.78,NA,1704766241
143,selfoss,63.9331,-20.9971,280.4,88,100,12.37,IS,1704766243
144,vorgashor,67.5833,63.95,244.51,100,98,2.27,RU,1704766244
145,north lakhimpur,27.2333,94.1167,287.2,82,0,0.0,IN,1704766245
146,klaksvik,62.2266,-6.589,280.66,75,100,5.1,FO,1704766245
147,al khawr,25.7667,51.3167,289.97,70,0,3.01,QA,1704766246
148,ujae,8.9322,165.7642,300.38,68,99,8.89,MH,1704766247
149,mgandu,-5.95,34.1333,290.36,94,100,1.01,TZ,1704766248
150,keflavik,64.0049,-22.5624,280.39,100,100,16.46,IS,1704766249
151,thongwa,16.7619,96.5278,293.24,45,6,2.4,MM,1704766250
152,lancaster,40.2504,-76.2499,274.13,85,0,1.54,US,1704766029
153,avarua,-21.2078,-159.775,301.18,78,40,7.72,CK,1704766253
154,olinda,-8.0089,-34.8553,301.0,78,75,3.6,BR,1704766253
155,ust-nera,64.5667,143.2,230.47,98,96,2.05,RU,1704766255
156,galliano,29.4422,-90.2992,295.15,94,100,6.17,US,1704766256
157,manavalakurichi,8.1333,77.3,297.84,89,100,4.0,IN,1704766257
158,codrington,-38.2667,141.9667,293.14,74,87,3.79,AU,1704766258
159,schwaz,47.3391,11.7336,267.61,96,49,1.74,AT,1704766260
160,xining,36.6167,101.7667,268.86,27,0,1.07,CN,1704766261
161,kargopol',61.5071,38.9456,260.4,95,100,3.0,RU,1704766262
162,vila franca do campo,37.7167,-25.4333,290.38,84,96,3.41,PT,1704766263
163,namibe,-15.1961,12.1522,295.47,86,56,1.16,AO,1704766264
164,kingsbridge,50.2845,-3.7764,275.6,82,59,8.34,GB,1704766266
165,portland,45.5234,-122.6762,283.4,93,100,6.26,US,1704766197
166,boulsa,12.6675,-0.5758,296.32,14,0,3.68,BF,1704766268
167,murghob,38.1702,73.9667,258.65,51,0,2.09,TJ,1704766270
168,ugoofaaru,5.6667,73.0,300.62,77,99,4.87,MV,1704766271
169,isafjordur,66.0755,-23.124,278.12,90,100,5.71,IS,1704766274
170,malyye derbety,47.9547,44.6808,264.52,95,100,6.06,RU,1704766275
171,thompson,55.7435,-97.8558,252.61,99,100,1.44,CA,1704766140
172,tartagal,-22.5164,-63.8013,301.88,69,100,0.88,AR,1704766278
173,angaur state,6.906,134.13,302.03,75,100,8.48,PW,1704766279
174,bakchar,57.0186,82.0711,256.09,89,100,7.07,RU,1704766281
175,saipan,15.1355,145.701,303.54,70,20,7.72,MP,1704766282
176,champerico,14.3,-91.9167,299.28,70,7,4.4,GT,1704766283
177,manokwari,-0.8667,134.0833,301.55,76,100,4.25,ID,1704766284
178,emerald,-23.5333,148.1667,303.34,61,100,4.28,AU,1704766286
179,palikir - national government center,6.9248,158.1611,303.62,70,75,6.17,FM,1704766287
180,vredendal,-31.6683,18.5012,288.93,85,91,1.19,ZA,1704766288
181,northam,51.0333,-4.2167,275.03,83,24,6.56,GB,1704766290
182,san patricio,28.017,-97.5169,291.57,24,0,9.89,US,1704766291
183,suez,29.9737,32.5263,287.93,30,100,3.61,EG,1704766292
184,guerrero negro,27.9769,-114.0611,287.68,29,8,8.9,MX,1704766294
185,suva,-18.1416,178.4415,304.86,66,75,5.14,FJ,1704766043
186,nueva gerona,21.8833,-82.8,297.54,83,34,5.34,CU,1704766299
187,ulladulla,-35.35,150.4667,295.98,70,64,4.35,AU,1704766300
188,aasiaat,68.7098,-52.8699,257.25,86,100,1.65,GL,1704766302
189,chonchi,-42.6128,-73.8092,284.88,90,23,1.15,CL,1704766303
190,umm as sahik,26.6536,49.9164,285.25,74,0,2.58,SA,1704766305
191,severnoye,56.3491,78.3619,254.61,91,100,8.11,RU,1704766306
192,lensk,60.7253,114.9278,248.3,99,100,1.6,RU,1704766308
193,mount pearl,47.5166,-52.7813,271.56,89,100,9.77,CA,1704766309
194,mount isa,-20.7333,139.5,302.02,74,40,3.09,AU,1704766312
195,grand falls-windsor,48.9332,-55.6649,268.43,80,100,2.24,CA,1704766313
196,sambava,-14.2667,50.1667,298.62,89,100,2.84,MG,1704766314
197,kas,36.2018,29.6377,287.39,86,84,2.07,TR,1704766315
198,deulgaon raja,20.0167,76.0333,290.96,46,46,3.24,IN,1704766316
199,bom jesus,-9.0744,-44.3586,297.93,78,75,0.32,BR,1704766179
200,boa vista,2.8197,-60.6733,302.14,51,0,4.12,BR,1704766317
201,swakopmund,-22.6833,14.5333,289.6,92,30,2.56,NA,1704766318
202,novoural'sk,57.2439,60.0839,251.25,95,100,5.0,RU,1704766319
203,peskovka,59.0448,52.3606,257.74,94,100,3.79,RU,1704766320
204,charters towers,-20.1,146.2667,305.46,47,100,3.86,AU,1704766321
205,santa cruz,-17.8,-63.1667,300.77,69,100,4.18,BO,1704766322
206,mogadishu,2.0371,45.3438,297.28,78,99,8.98,SO,1704766098
207,juan griego,11.0817,-63.9655,298.65,84,73,5.62,VE,1704766324
208,nongstoin,25.5167,91.2667,283.68,59,0,0.93,IN,1704766325
209,kodiak,57.79,-152.4072,274.88,69,75,4.12,US,1704765804
210,durango,24.8333,-104.8333,283.97,32,79,10.64,MX,1704766198
211,nikolayevsk-on-amure,53.1406,140.73,251.61,79,10,2.39,RU,1704766329
212,grand-bassam,5.2118,-3.7388,299.13,84,4,3.26,CI,1704766330
213,severo-yeniseyskiy,60.3725,93.0408,266.8,89,99,4.47,RU,1704766331
214,la foa,-21.7108,165.8276,301.7,67,99,2.98,NC,1704766332
215,jayapura,-2.5333,140.7,299.81,81,100,0.88,ID,1704766333
216,kitimat,54.0524,-128.6534,272.42,65,100,2.24,CA,1704766334
217,weno,7.4515,151.8468,303.12,70,100,4.63,FM,1704766335
218,ouadda,8.0777,22.4007,291.13,26,100,1.79,CF,1704766336
219,badiyah,22.45,58.8,288.74,37,0,0.93,OM,1704766338
220,olyokminsk,60.3736,120.4264,238.35,100,93,0.97,RU,1704766340
221,kiuruvesi,63.65,26.6167,272.13,91,94,4.54,FI,1704766341
222,bantogon,6.5333,124.0333,301.67,70,56,2.04,PH,1704766342
223,n'zeto,-7.2312,12.8666,298.25,79,28,0.68,AO,1704766343
224,fiambala,-27.6871,-67.6149,297.18,67,2,3.07,AR,1704766344
225,wynyard,-41.0,145.7167,291.6,59,0,3.88,AU,1704766346
226,walvis bay,-22.9575,14.5053,289.28,92,16,2.6,NA,1704766347
227,neftcala,39.3742,49.2472,283.52,66,41,2.38,AZ,1704766348
228,ribeira grande,38.5167,-28.7,290.8,89,100,10.28,PT,1704766349
229,tadine,-21.55,167.8833,302.04,66,6,2.53,NC,1704766350
230,sao vicente,-23.9631,-46.3919,301.63,26,0,2.4,BR,1704766351
231,galveston,29.3669,-94.9669,285.36,85,100,7.2,US,1704766212
232,filadelfia,39.9523,-75.1638,275.82,77,20,0.0,US,1704766100
233,mantua,45.1667,10.7833,280.57,84,94,1.79,IT,1704766354
234,puerto san jose,13.9256,-90.8244,298.02,73,2,3.19,GT,1704766356
235,zinjibar,13.1287,45.3807,296.08,67,6,6.3,YE,1704766357
236,san luis de la loma,17.2706,-100.8939,297.67,78,3,1.84,MX,1704766358
237,igrim,63.1906,64.4162,244.09,100,61,1.18,RU,1704766359
238,bollnas,61.3482,16.3946,275.82,82,100,4.6,SE,1704766360
239,negotin,44.2264,22.5308,273.2,98,100,1.86,RS,1704766361
240,maragogi,-9.0122,-35.2225,299.75,81,43,4.39,BR,1704766069
241,iskateley,67.6803,53.1512,248.72,100,97,2.24,RU,1704766363
242,gurupa,-1.405,-51.64,297.02,97,100,1.27,BR,1704766364
243,harnosand,62.6323,17.9379,276.15,79,99,8.1,SE,1704766365
244,la'ie,21.6477,-157.9253,297.13,70,42,8.97,US,1704766366
245,alofi,-19.0595,-169.9187,302.09,70,75,3.09,NU,1704766367
246,nabire,-3.3667,135.4833,301.56,80,43,2.03,ID,1704766368
247,tandalti,13.0167,31.8667,294.74,33,25,4.58,SD,1704766369
248,broome,42.2506,-75.833,274.1,93,100,0.77,US,1704766371
249,palangkaraya,-2.2,113.8333,302.49,72,100,0.6,ID,1704766372
250,san antonio de pale,-1.4014,5.6325,300.29,80,46,3.74,GQ,1704766373
251,magadan,59.5667,150.8,250.52,72,100,1.66,RU,1704766374
252,luderitz,-26.6481,15.1594,288.92,87,26,7.81,NA,1704766375
253,bodaybo,57.8506,114.1933,246.12,98,95,0.91,RU,1704766376
254,lautoka,-17.6167,177.4667,305.07,62,75,5.14,FJ,1704766377
255,lisakovsk,52.5369,62.4936,244.51,96,50,2.11,KZ,1704766379
256,happy valley-goose bay,53.3168,-60.3315,257.32,51,20,8.75,CA,1704766380
257,masina,-4.3836,15.3914,299.34,97,100,0.29,CD,1704766381
258,polyarnyy,69.1989,33.4478,264.97,88,100,3.11,RU,1704766388
259,richards bay,-28.783,32.0377,294.49,95,100,1.94,ZA,1704766389
260,vila velha,-20.3297,-40.2925,300.12,88,75,4.63,BR,1704766386
261,enriquillo,17.9,-71.2333,297.83,87,3,5.97,DO,1704766392
262,fortuna,40.5982,-124.1573,284.25,92,100,5.66,US,1704766393
263,ghadamis,30.1337,9.5007,281.9,43,0,2.47,LY,1704766394
264,tulun,54.5611,100.5792,260.17,90,100,1.99,RU,1704766395
265,bonthe,7.5264,-12.505,299.7,87,96,2.84,SL,1704766397
266,cambria,35.5641,-121.0808,284.29,71,8,2.24,US,1704766399
267,pandan,14.0453,124.1694,300.38,86,48,4.17,PH,1704766400
268,lerwick,60.1545,-1.1494,278.15,75,100,1.0,GB,1704766401
269,kovdor,67.5662,30.4758,264.97,96,100,1.62,RU,1704766402
270,fisterra,42.9049,-9.2629,278.01,82,100,2.98,ES,1704766403
271,chegdomyn,51.1167,133.0167,246.85,91,100,0.76,RU,1704766404
272,dwarka,22.2394,68.9678,293.63,45,0,8.69,IN,1704766405
273,saudarkrokur,65.7461,-19.6394,277.96,74,30,9.6,IS,1704766406
274,taozhuang,34.85,117.3333,277.94,72,52,1.67,CN,1704766407
275,tralee,52.2704,-9.7026,273.1,88,14,3.93,IE,1704766408
276,bubaque,11.2833,-15.8333,299.51,63,39,6.92,GW,1704766409
277,tsiombe,-25.3,45.4833,296.7,87,6,5.62,MG,1704766410
278,kani keli,-12.9536,45.1033,298.74,71,100,1.22,YT,1704766411
279,galle,6.0367,80.217,297.73,92,100,2.29,LK,1704766411
280,barcelos,41.5388,-8.6151,281.4,90,100,1.68,PT,1704766395
281,barranca,-10.75,-77.7667,295.59,80,100,3.46,PE,1704766413
282,lashio,22.9333,97.75,286.56,66,3,0.32,MM,1704766414
283,ebon,4.582,168.6964,301.37,78,100,9.82,MH,1704766416
284,castillos,-34.1667,-53.8333,292.54,91,0,1.18,UY,1704766416
285,lorengau,-2.0226,147.2712,300.71,85,100,5.67,PG,1704766417
286,uyovu,-3.2833,31.5258,291.44,93,100,1.16,TZ,1704766419
287,san manuel,17.0238,121.6357,298.56,78,71,1.73,PH,1704766419
288,cannonvale,-20.2833,148.7,301.81,71,100,3.81,AU,1704766420
289,bochum,51.4833,7.2167,268.12,65,0,1.79,DE,1704766421
290,uturoa,-16.7333,-151.4333,300.26,80,36,5.27,PF,1704766422
291,khovd,48.0056,91.6419,260.82,86,100,1.41,MN,1704766423
292,swan hill,-35.3378,143.5544,299.94,50,0,2.04,AU,1704766424
293,pariaman,-0.619,100.12,301.18,84,99,1.68,ID,1704766425
294,hammerfest,70.6634,23.6821,273.4,100,100,2.06,NO,1704766426
295,sunrise manor,36.2111,-115.0731,280.88,22,0,12.52,US,1704766427
296,bria,6.5423,21.9863,292.03,26,100,1.93,CF,1704766428
297,paragominas,-2.9667,-47.4833,296.45,98,100,1.51,BR,1704766376
298,lata,40.1629,-8.3327,280.41,92,100,1.44,PT,1704766430
299,murmashi,68.8154,32.8115,262.38,92,75,0.0,RU,1704766431
300,eyl,7.9803,49.8164,295.27,64,77,9.0,SO,1704766432
301,manay,7.215,126.5397,301.99,74,12,3.66,PH,1704766433
302,piacabucu,-10.4056,-36.4344,299.94,81,40,5.25,BR,1704766434
303,tay ninh,11.3,106.1,301.18,62,97,1.05,VN,1704766435
304,egilsstadir,65.2653,-14.3948,276.1,81,0,3.6,IS,1704766436
305,pacific grove,36.6177,-121.9166,284.07,75,0,0.45,US,1704766437
306,port alfred,-33.5906,26.891,291.03,97,60,1.35,ZA,1704766438
307,kalaleh,37.3807,55.4916,280.93,71,0,2.06,IR,1704766439
308,sinop,41.7711,34.8709,279.21,91,100,1.3,TR,1704766440
309,descalvado,-21.9039,-47.6194,295.64,72,2,1.46,BR,1704766203
310,paita,-5.0892,-81.1144,296.74,78,100,6.22,PE,1704766442
311,boguchany,58.3814,97.4531,270.85,89,96,5.36,RU,1704766443
312,necochea,-38.5473,-58.7368,289.87,89,0,3.72,AR,1704766444
313,khandyga,62.6667,135.6,228.33,100,99,0.64,RU,1704766445
314,itaituba,-4.2761,-55.9836,296.8,99,79,0.71,BR,1704766447
315,tobelo,1.7284,128.0095,301.98,68,15,2.36,ID,1704766448
316,mashhad,36.297,59.6062,279.23,61,40,4.12,IR,1704766341
317,swift current,50.2834,-107.8014,258.6,85,0,7.72,CA,1704766436
318,calvinia,-31.4707,19.776,292.89,52,100,3.08,ZA,1704766451
319,seaside,36.6111,-121.8516,284.34,74,0,0.45,US,1704766452
320,ghat,24.9647,10.1728,284.56,29,0,2.72,LY,1704766453
321,port blair,11.6667,92.75,302.17,70,37,4.63,IN,1704766454
322,argostolion,38.1811,20.489,284.1,81,88,2.58,GR,1704766455
323,kiunga,-6.1219,141.2906,306.75,56,99,0.79,PG,1704766456
324,udachny,66.4167,112.4,235.73,100,39,1.41,RU,1704766458
325,kawalu,-7.3817,108.2082,300.63,78,94,0.75,ID,1704766459
326,crane,31.3974,-102.3501,278.4,37,2,9.8,US,1704766465
327,badger,64.8,-147.5333,262.29,84,75,2.06,US,1704766469
328,kudymkar,59.0173,54.656,257.43,93,100,4.61,RU,1704766475
329,dongola,19.1667,30.4833,293.5,41,75,4.85,SD,1704766476
330,sao geraldo do araguaia,-6.4006,-48.555,296.94,92,87,0.78,BR,1704766308
331,fort bragg,35.139,-79.006,278.82,72,0,2.06,US,1704766478
332,new kingman-butler,35.265,-114.0323,278.66,33,0,2.57,US,1704766480
333,sao tome,0.3365,6.7273,300.16,81,15,2.29,ST,1704766481
334,shubarshi,48.5872,57.1869,263.43,66,100,4.76,KZ,1704766481
335,chibougamau,49.9168,-74.3659,256.94,78,100,4.12,CA,1704766482
336,la cruz,23.9167,-106.9,291.28,72,72,4.77,MX,1704766483
337,iwaki,37.05,140.8833,282.66,61,6,0.89,JP,1704766484
338,mimoso do sul,-21.0642,-41.3664,297.14,91,100,1.2,BR,1704766485
339,guiuan,11.0333,125.7247,300.56,84,56,6.21,PH,1704766486
340,vadso,70.0744,29.7487,268.24,86,100,4.63,NO,1704766487
341,el tocuyo,9.7873,-69.7937,294.3,71,97,2.16,VE,1704766488
342,marang,5.2056,103.2059,301.1,90,100,0.1,MY,1704766489
343,acajutla,13.5928,-89.8275,298.22,75,1,2.63,SV,1704766490
344,kalmunai,7.4167,81.8167,298.29,91,100,4.11,LK,1704766491
345,saint-philippe,-21.3585,55.7679,296.92,82,62,3.45,RE,1704766492
346,bandipura,34.4167,74.65,273.92,36,59,2.88,IN,1704766493
347,touros,-5.1989,-35.4608,300.15,77,6,3.83,BR,1704766371
348,mount gambier,-37.8333,140.7667,297.41,53,31,2.12,AU,1704766495
349,howrah,22.5892,88.3103,288.15,88,0,2.06,IN,1704766496
350,mbanza-ngungu,-5.25,14.8667,293.6,96,100,1.66,CD,1704766497
351,bereznik,62.8551,42.7072,259.76,94,71,3.11,RU,1704766498
352,baikonur,45.6167,63.3167,273.65,91,100,6.45,KZ,1704766499
353,gulf shores,30.246,-87.7008,291.67,72,100,14.23,US,1704766486
354,nagqu,31.5,92.0,259.37,37,0,1.81,CN,1704766501
355,bardai,11.65,7.2333,290.11,13,13,3.71,NG,1704766502
356,salmas,38.1973,44.7653,274.74,62,100,1.79,IR,1704766504
357,arkhangel'sk,64.5401,40.5433,258.21,85,40,1.0,RU,1704766505
358,valparaiso,-33.0393,-71.6273,289.95,59,0,3.09,CL,1704766506
359,nsanje,-16.92,35.262,297.14,99,100,1.45,MW,1704766507
360,san marcos de colon,13.4333,-86.8,290.81,72,0,2.68,HN,1704766508
361,alibag,18.6411,72.8792,298.19,66,24,1.42,IN,1704766509
362,tanabe,33.7333,135.3667,281.71,57,20,2.06,JP,1704766510
363,litchfield,41.7668,-73.2501,271.08,90,54,0.45,US,1704766511
364,alaghsas,17.0187,8.0168,292.17,17,5,4.24,NE,1704766513
365,cidreira,-30.1811,-50.2056,295.5,91,100,2.01,BR,1704766514
366,nemuro,43.3236,145.575,272.57,58,100,7.75,JP,1704766479
367,bako,5.7833,36.5667,293.09,66,100,1.51,ET,1704766516
368,harper,4.375,-7.7169,299.97,84,67,3.73,LR,1704766514
369,mary,37.0,62.5,285.76,23,100,11.95,TM,1704766518
370,aleksandrovsk-sakhalinskiy,50.8975,142.1561,254.02,82,22,1.46,RU,1704766520
371,east london,-33.0153,27.9116,291.99,92,98,1.36,ZA,1704766521
372,linhares,-19.3911,-40.0722,296.82,98,100,1.22,BR,1704766359
373,bairnsdale,-37.8333,147.6167,291.67,80,100,2.12,AU,1704766523
374,rongelap,11.1635,166.8941,299.91,75,100,7.89,MH,1704766524
375,tomatlan,19.9333,-105.25,293.08,87,91,1.29,MX,1704766525
376,rovaniemi,66.5,25.7167,270.82,100,0,2.57,FI,1704766526
377,melfort,52.8667,-104.6177,255.22,78,87,4.63,CA,1704766527
378,kasulu,-4.5767,30.1025,291.04,91,100,1.3,TZ,1704766528
379,yangliuqing,39.1375,116.9997,274.12,55,96,3.29,CN,1704766529
380,chekmagush,55.1319,54.6556,247.43,100,70,3.42,RU,1704766530
381,copiapo,-27.3667,-70.3333,288.98,63,0,1.52,CL,1704766531
382,the pas,53.8251,-101.2541,248.16,77,40,1.54,CA,1704766532
383,el fasher,13.6279,25.3494,289.55,33,11,3.3,SD,1704766443
384,pont rouge,48.8833,-72.0825,259.31,83,17,3.91,CA,1704766534
385,galesong,-5.3166,119.3661,297.16,73,83,3.53,ID,1704766535
386,lazaro cardenas,17.9583,-102.2,297.98,80,21,2.14,MX,1704766536
387,el calafate,-50.3408,-72.2768,280.94,62,15,5.27,AR,1704766537
388,along,28.1667,94.7667,284.95,55,0,0.4,IN,1704766538
389,kailua-kona,19.6406,-155.9956,301.13,78,75,11.83,US,1704766540
390,mizan teferi,6.9833,35.5833,290.52,72,36,1.03,ET,1704766541
391,talara,-4.5772,-81.2719,297.57,83,40,7.2,PE,1704766542
392,buala,-8.145,159.5921,302.43,78,93,2.26,SB,1704766542
393,kirov,58.5966,49.6601,258.3,94,100,4.02,RU,1704766543
394,jabat,7.75,168.9751,300.61,68,100,8.79,MH,1704766544
395,morogoro,-6.8167,37.6667,294.89,98,100,0.96,TZ,1704766545
396,chihuahua,28.5,-106.0,277.61,14,0,9.44,MX,1704766546
397,mar del plata,-38.0023,-57.5575,293.2,89,0,3.58,AR,1704766332
398,waliso,8.5333,37.9833,288.9,56,100,2.67,ET,1704766548
399,baiyin,36.5583,104.2081,271.0,34,0,1.37,CN,1704766549
400,corner brook,48.9667,-57.9484,268.01,87,100,5.5,CA,1704766278
401,ancud,-41.8697,-73.8203,284.55,72,28,3.67,CL,1704766550
402,tolanaro,-25.0319,46.9987,297.63,87,88,5.8,MG,1704766552
403,smithers,54.7804,-127.1743,268.33,100,100,1.03,CA,1704766552
404,parabel',58.6978,81.4825,257.54,92,100,7.6,RU,1704766553
405,tura,25.5198,90.2201,288.46,65,0,0.76,IN,1704766554
406,minot air force base,48.4209,-101.3391,256.25,82,0,4.12,US,1704766555
407,kingscliff,-28.2667,153.5667,300.34,78,40,3.09,AU,1704766556
408,kavieng,-2.5744,150.7967,302.36,73,100,3.85,PG,1704766557
409,naze,28.3667,129.4833,288.66,88,100,2.37,JP,1704766558
410,as sulayyil,20.4607,45.5779,282.29,38,0,2.63,SA,1704766559
411,nouadhibou,20.931,-17.0347,292.14,59,100,7.2,MR,1704766560
412,ebebiyin,2.1511,11.3353,293.28,99,54,0.99,GQ,1704766561
413,xilin hot,43.9667,116.0333,254.93,94,15,1.37,CN,1704766562
414,susuman,62.7833,148.1667,238.14,97,100,0.89,RU,1704766563
415,colonia,50.9333,6.95,270.29,66,0,1.03,DE,1704766564
416,wapato,46.4476,-120.4203,274.96,93,100,0.33,US,1704766565
417,ajdovscina,45.886,13.9095,276.95,81,87,4.74,SI,1704766566
418,malvan,16.0667,73.4667,297.41,80,96,3.28,IN,1704766567
419,petropavlovsk-kamchatsky,53.0452,158.6483,256.48,60,40,4.0,RU,1704766568
420,joshimath,30.5667,79.5667,277.62,20,0,2.55,IN,1704766569
421,barra do corda,-5.5,-45.25,297.29,90,98,0.2,BR,1704766571
422,new norfolk,-42.7826,147.0587,295.21,30,0,0.78,AU,1704766572
423,morehead city,34.7229,-76.726,280.15,80,20,4.63,US,1704766573
424,ust'-talovka,50.5493,81.85,263.32,88,100,1.99,KZ,1704766574
425,mitu,1.1983,-70.1733,296.84,89,91,0.91,CO,1704766575
426,wuchang,44.9143,127.15,253.21,89,10,2.19,CN,1704766576
427,rabo de peixe,37.8,-25.5833,289.88,72,20,4.12,PT,1704766577
428,shiyan,32.6475,110.7781,284.27,63,100,2.2,CN,1704766578
429,inirida,3.8653,-67.9239,297.97,79,66,0.82,CO,1704766579
430,pohang,36.0322,129.365,276.62,54,100,3.69,KR,1704766580
431,ribeira brava,32.65,-17.0667,292.43,89,100,2.01,PT,1704766581
432,krasnokamensk,50.0979,118.0369,249.82,95,7,2.21,RU,1704766582
433,luau,-10.7073,22.2247,290.66,99,99,1.29,AO,1704766583
434,al mahwit,15.4701,43.5448,284.11,69,2,1.06,YE,1704766584
435,gizo,-8.103,156.8419,302.3,76,96,3.14,SB,1704766585
436,bezenchuk,52.982,49.4333,253.77,99,100,1.39,RU,1704766586
437,hithadhoo,-0.6,73.0833,301.31,74,23,4.49,MV,1704766587
438,camacupa,-12.0167,17.4833,289.8,95,100,1.07,AO,1704766588
439,turpan,42.9333,89.1667,269.88,60,5,0.56,CN,1704766589
440,lagos,6.5833,3.75,298.49,93,3,1.01,NG,1704766376
441,purpe,64.4803,76.6897,253.74,98,100,6.12,RU,1704766590
442,smolyan,41.5853,24.6919,273.31,97,100,2.46,BG,1704766592
443,taoudenni,22.6783,-3.9836,293.01,27,3,4.24,ML,1704766594
444,ola,59.5833,151.2833,250.37,78,100,1.75,RU,1704766595
445,cooper's town,26.8667,-77.5167,295.03,70,100,11.37,BS,1704766596
446,pajara,28.3504,-14.1076,288.88,75,59,2.5,ES,1704766598
447,yemetsk,63.4721,41.7941,255.97,100,83,1.27,RU,1704766598
448,trairi,-3.2778,-39.2689,299.15,81,96,2.85,BR,1704766330
449,rodolfo sanchez taboada,31.7167,-116.5667,287.09,56,0,4.02,MX,1704766600
450,xiaoweizhai,26.1903,107.5125,283.45,94,100,1.26,CN,1704766601
451,kununurra,-15.7667,128.7333,300.14,89,75,2.06,AU,1704766602
452,mukalla,14.5425,49.1242,293.27,43,48,5.29,YE,1704766603
453,reyes,-14.3167,-67.3833,300.11,73,74,1.4,BO,1704766604
454,ad dilam,23.9915,47.1627,282.38,38,0,0.82,SA,1704766605
455,pangody,65.85,74.4859,252.83,98,100,5.03,RU,1704766606
456,hassi messaoud,31.6804,6.0729,277.07,65,0,1.54,DZ,1704766607
457,menongue,-14.6585,17.691,291.18,98,100,1.39,AO,1704766609
458,luwuk,-0.9516,122.7875,303.6,66,47,1.28,ID,1704766610
459,tulagi,-9.0996,160.1476,301.84,73,99,2.55,SB,1704766611
460,okhotsk,59.3833,143.3,243.66,80,93,4.83,RU,1704766612
461,mao,39.8885,4.2658,278.46,93,0,3.09,ES,1704766589
462,dembi dolo,8.5333,34.8,289.11,59,29,1.77,ET,1704766579
463,bayville,40.9106,-73.5621,278.27,80,55,2.3,US,1704766615
464,botou,38.0667,116.5667,271.48,76,98,3.78,CN,1704766616
465,salalah,17.0151,54.0924,295.2,46,0,12.35,OM,1704766617
466,san juan del sur,11.2529,-85.8705,299.88,70,0,10.03,NI,1704766618
467,iwon-up,40.3231,128.6553,272.77,45,92,0.67,KP,1704766619
468,nova vicosa,-17.8919,-39.3719,298.13,89,98,3.43,BR,1704766620
469,nicoya,10.1483,-85.452,298.1,75,30,2.69,CR,1704766621
470,acapulco de juarez,16.8634,-99.8901,300.05,74,40,2.57,MX,1704766520
471,shamkhor,40.8297,46.0189,282.35,43,58,3.96,AZ,1704766623
472,santiago de cao,-7.9589,-79.2392,295.22,88,100,5.66,PE,1704766624
473,vilhena,-12.7406,-60.1458,296.1,87,100,1.04,BR,1704766625
474,daru,-9.0763,143.2092,304.16,64,80,1.19,PG,1704766626
475,saint-joseph,-21.3667,55.6167,296.36,81,54,3.55,RE,1704766627
476,rio grande,-32.035,-52.0986,294.23,85,55,3.62,BR,1704766628
477,lodwar,3.1191,35.5973,302.07,39,97,5.36,KE,1704766629
478,kaa-khem,51.6833,94.7333,252.82,96,100,0.89,RU,1704766588
479,moshi,-3.35,37.3333,293.68,85,80,1.13,TZ,1704766631
480,haiku-pauwela,20.9219,-156.3051,299.16,71,75,13.89,US,1704766632
481,paracuru,-3.41,-39.0306,301.54,83,97,3.25,BR,1704766634
482,sao raimundo nonato,-9.0153,-42.6994,297.03,72,17,1.18,BR,1704766635
483,sansanne-mango,10.3592,0.4708,297.76,14,2,2.48,TG,1704766637
484,juba,4.8517,31.5825,296.11,33,13,0.84,SS,1704766638
485,yuzhno-kurilsk,44.0306,145.8556,268.36,67,99,7.7,RU,1704766639
486,ruwandiz,36.6163,44.5311,282.68,44,97,1.89,IQ,1704766640
487,sunbury,-37.5833,144.7333,297.48,72,75,2.57,AU,1704766641
488,tupiza,-21.45,-65.7167,289.37,64,100,2.89,BO,1704766643
489,arraias,-12.9288,-46.9437,293.42,95,97,1.29,BR,1704766644
490,ouani,-12.1322,44.4258,300.23,79,100,1.39,KM,1704766645
491,toliara,-23.35,43.6667,298.92,86,2,1.44,MG,1704766647
492,ndjole,-0.1783,10.7649,296.66,99,43,0.82,GA,1704766648
493,idrinskoye,54.3708,92.1358,264.79,96,100,1.83,RU,1704766649
494,borzya,50.3833,116.5167,247.17,100,85,1.01,RU,1704766569
495,fort saskatchewan,53.7168,-113.2187,260.58,85,85,1.03,CA,1704766651
496,basoko,1.2391,23.616,295.83,49,78,1.46,CD,1704766652
497,talakan,50.3167,130.3667,247.9,91,77,1.86,RU,1704766654
498,praia,14.9215,-23.5087,296.18,70,100,4.34,CV,1704766655
499,tromso,69.6496,18.957,277.16,87,75,8.23,NO,1704766656
500,puerto baquerizo moreno,-0.9,-89.6,297.44,89,100,5.19,EC,1704766658
501,xudat,41.631,48.681,279.19,89,100,2.76,AZ,1704766660
502,rokytne,51.2796,27.214,259.2,83,5,2.16,UA,1704766661
503,cold lake,54.4502,-110.2017,255.12,92,100,2.06,CA,1704766662
504,tranqueras,-31.2,-55.75,293.4,96,4,1.4,UY,1704766663
505,karratha,-20.7377,116.8463,310.24,21,3,5.55,AU,1704766664
506,sitka,57.0531,-135.33,275.09,87,0,2.57,US,1704766666
507,timimoun,29.2639,0.231,278.36,28,4,2.06,DZ,1704766667
508,urumqi,43.801,87.6005,255.68,85,73,1.0,CN,1704766409
509,dzhetygara,52.1908,61.2006,246.94,95,99,2.0,KZ,1704766668
510,onguday,50.75,86.15,270.33,78,100,3.89,RU,1704766669
511,brazil,39.5237,-87.125,276.7,79,100,6.7,US,1704766670
512,merizo village,13.2658,144.6691,303.0,77,34,8.9,GU,1704766671
513,andergrove,-21.0833,149.1833,304.06,77,100,3.98,AU,1704766672
514,naryn,41.4287,75.9911,259.57,70,39,3.41,KG,1704766673
515,sao francisco de paula,-29.4481,-50.5836,293.73,94,100,0.98,BR,1704766674
516,suzun,53.7841,82.3116,259.83,87,100,7.36,RU,1704766675
517,abeche,13.8292,20.8324,291.96,19,2,3.85,TD,1704766676
518,sos'va,59.1766,61.8558,257.07,93,100,4.02,RU,1704766677
519,ceeldheer,3.8488,47.1806,296.64,69,86,8.31,SO,1704766679
520,akom ii,2.7833,10.5667,293.93,99,46,0.84,CM,1704766679
521,prince rupert,54.3161,-130.3201,277.2,93,100,8.75,CA,1704766627
522,murici,-9.3067,-35.9433,299.31,91,49,1.87,BR,1704766682
523,jinchang,38.4953,102.1739,271.48,27,0,0.39,CN,1704766683
524,roma,43.2128,-75.4557,274.79,96,100,2.06,US,1704766684
525,same,-4.0667,37.7333,293.32,92,89,2.31,TZ,1704766685
526,howard springs,-12.497,131.047,302.58,88,72,2.28,AU,1704766686
527,qarazhal,48.0078,70.7903,258.64,94,82,0.73,KZ,1704766688
528,askiz,53.1319,90.5264,268.56,78,100,5.4,RU,1704766690
529,papao,-17.75,-149.55,303.97,85,20,7.84,PF,1704766691
530,nogliki,51.8333,143.1667,253.34,85,6,4.47,RU,1704766692
531,taroa,8.7058,171.2275,300.75,69,91,7.33,MH,1704766693
532,coyhaique,-45.5752,-72.0662,283.12,71,100,1.54,CL,1704766549
533,marly,50.3456,3.5496,270.77,81,87,5.61,FR,1704766696
534,page,36.9147,-111.4558,275.03,41,0,2.57,US,1704766425
535,fort abbas,29.1925,72.8536,283.68,48,58,2.4,PK,1704766697
536,dakhla,23.6848,-15.958,291.41,77,100,5.68,EH,1704766698
537,yatou,37.15,122.3833,276.27,68,100,1.38,CN,1704766699
538,uzgen,40.7699,73.3007,275.28,52,10,2.91,KG,1704766700
539,ta`u,-14.2336,-169.5144,301.21,76,69,2.78,AS,1704766508
540,boda,4.3189,17.4695,293.63,25,60,1.12,CF,1704766702
541,fougamou,-1.2154,10.5838,296.92,97,98,0.62,GA,1704766703
542,huercal-overa,37.389,-1.9454,282.72,50,99,1.08,ES,1704766704
543,ilongero,-4.6667,34.8667,289.49,96,100,1.14,TZ,1704766705
544,siocon,7.7061,122.1353,302.19,74,81,0.56,PH,1704766706
545,zambezi,-13.5432,23.1047,291.56,96,100,1.87,ZM,1704766707
546,carutapera,-1.195,-46.02,298.47,86,100,3.0,BR,1704766709
547,lae,-6.7221,146.9847,305.27,61,100,3.76,PG,1704766710
548,lubang,13.8584,120.124,299.97,81,9,7.35,PH,1704766712
549,noyabrsk,63.1994,75.4507,253.84,96,100,7.15,RU,1704766712
550,sampit,-2.5333,112.95,302.26,73,100,0.44,ID,1704766713
551,sydney mines,46.2367,-60.2177,270.93,77,100,7.2,CA,1704766714
552,astorga,-23.2325,-51.6656,300.48,40,52,2.41,BR,1704766716
553,zhongshu,24.5167,103.7667,284.92,65,0,1.59,CN,1704766717
554,shimoda,34.6667,138.95,284.35,52,2,9.88,JP,1704766717
555,saint-louis,16.3333,-15.0,295.01,13,83,2.83,SN,1704766719
556,tra vinh,9.9347,106.3453,301.42,66,66,4.85,VN,1704766720
557,waingapu,-9.6567,120.2641,304.01,67,79,2.5,ID,1704766721
558,owase,34.0667,136.2,282.73,41,0,0.93,JP,1704766539
559,nadi,-17.8,177.4167,305.15,62,75,5.14,FJ,1704766722
560,margate,51.3813,1.3862,274.65,73,55,2.68,GB,1704766723
561,mineiros,-17.5694,-52.5511,294.6,94,100,1.69,BR,1704766724
